{"train_loss": 0.23295946419239044, "train_acc": 0.578125, "loss": 0.22397817157465835, "acc": 0.49917627677100496, "epoch": 20, "lr": 5.478104631726711e-07, "_timestamp": 1696816408.1161494, "_runtime": 91.2354884147644, "_step": 45, "_wandb": {"runtime": 86}}