{"train_loss": 1.7718374729156494, "train_acc": 0.53125, "loss": 1.8414111795096562, "acc": 0.500823723228995, "epoch": 0, "lr": 0.001483158392310497, "_timestamp": 1694789890.223582, "_runtime": 176.1997480392456, "_step": 2, "_wandb": {"runtime": 177}}