{"train_loss": 15.978827476501465, "train_acc": 0.625, "loss": 14.316278786494815, "acc": 0.5513454146073586, "epoch": 29, "lr": 0.035168416076897226, "_timestamp": 1694927952.5297103, "_runtime": 453.49593329429626, "_step": 65, "_wandb": {"runtime": 453}}