{"train_loss": 0.00019057196914218366, "train_acc": 1.0, "loss": 0.4366118661288557, "acc": 0.7721032399780341, "epoch": 29, "lr": 0.00014067366430758888, "_timestamp": 1696817052.2615461, "_runtime": 106.88257908821106, "_step": 65, "_wandb": {"runtime": 105}}