{"train_loss": 17.696136474609375, "train_acc": 0.5, "loss": 14.354477717958648, "acc": 0.5041186161449753, "epoch": 15, "lr": 0.020610737385380863, "_timestamp": 1695009474.6491072, "_runtime": 114.31982326507568, "_step": 34, "_wandb": {"runtime": 113}}