{"train_loss": 0.2362096905708313, "train_acc": 0.515625, "loss": 0.22374724211363956, "acc": 0.49917627677100496, "epoch": 1, "lr": 0.0002739052315863355, "_timestamp": 1695010635.2147868, "_runtime": 72.09184765815735, "_step": 3, "_wandb": {"runtime": 70}}