{"train_loss": 16.006481170654297, "train_acc": 0.453125, "loss": 14.308507952196845, "acc": 0.5013728720483251, "epoch": 29, "lr": 0.07033683215379445, "_timestamp": 1695009010.1268523, "_runtime": 455.2950212955475, "_step": 65, "_wandb": {"runtime": 455}}