{"train_loss": 0.24611659348011017, "train_acc": 1.0, "loss": 0.4104654213477825, "acc": 0.7517847336628226, "epoch": 29, "lr": 0.00014067366430758888, "_timestamp": 1696817817.2183573, "_runtime": 110.7583544254303, "_step": 65, "_wandb": {"runtime": 108}}