{"train_loss": 0.24179692566394806, "train_acc": 0.4375, "loss": 0.22404091779527993, "acc": 0.49807797913234486, "epoch": 13, "lr": 0.9972609476841766, "_timestamp": 1695012015.8929722, "_runtime": 124.80956029891968, "_step": 30, "_wandb": {"runtime": 123}}