{"train_loss": 2053.224853515625, "train_acc": 0.421875, "loss": 1100.1978534172322, "acc": 0.4964305326743548, "epoch": 20, "_timestamp": 1694784259.0730407, "_runtime": 267.89261960983276, "_step": 45, "_wandb": {"runtime": 267}}