{"train_loss": 0.2400108277797699, "train_acc": 0.46875, "loss": 0.2237983063377183, "acc": 0.48599670510708404, "epoch": 1, "lr": 0.20610737385377145, "_timestamp": 1695020703.623772, "_runtime": 70.06941080093384, "_step": 4, "_wandb": {"runtime": 69}}