{"train_loss": 1.843958854675293, "train_acc": 0.375, "loss": 1.7318674942542767, "acc": 0.5068643602416255, "epoch": 0, "lr": 0.0049863047384206835, "_timestamp": 1694790201.7096357, "_runtime": 129.98016262054443, "_step": 0, "_wandb": {"runtime": 133}}