{"train_loss": 1.1874749660491943, "train_acc": 0.421875, "loss": 1.1685436059688699, "acc": 0.5601317957166392, "epoch": 5, "lr": 0.03516841607689866, "_timestamp": 1694828037.6009254, "_runtime": 171.94687032699585, "_step": 11, "_wandb": {"runtime": 173}}