{"train_loss": 1.4835561513900757, "train_acc": 0.515625, "loss": 1.7382487593025997, "acc": 0.49917627677100496, "epoch": 1, "lr": 0.010305368692688577, "_timestamp": 1694827079.045172, "_runtime": 137.3488850593567, "_step": 4, "_wandb": {"runtime": 138}}