{"train_loss": 0.24280962347984314, "train_acc": 0.5, "loss": 0.22376123379016744, "acc": 0.49917627677100496, "epoch": 29, "lr": 8.329892400121848e-08, "_timestamp": 1696818230.2099557, "_runtime": 109.52620077133179, "_step": 65, "_wandb": {"runtime": 107}}