{"train_loss": 1.6036853790283203, "train_acc": 0.515625, "loss": 1.7306570760134994, "acc": 0.49917627677100496, "epoch": 6, "lr": 0.014831583923106802, "_timestamp": 1694827653.7504869, "_runtime": 168.30208683013916, "_step": 14, "_wandb": {"runtime": 167}}