{"train_loss": 4.4227382437289656e+18, "train_acc": 0.421875, "loss": 8.57594828277452e+17, "acc": 0.49697968149368477, "epoch": 0, "lr": [0.39694631307312617], "_timestamp": 1694785829.6040246, "_runtime": 137.5038046836853, "_step": 1, "_wandb": {"runtime": 138}}