{"train_loss": 1.1640712022781372, "train_acc": 0.9375, "loss": 1.1240760334606827, "acc": 0.7808896210873146, "epoch": 29, "lr": 0.003516841607689722, "_timestamp": 1694790796.083037, "_runtime": 250.8402178287506, "_step": 65, "_wandb": {"runtime": 250}}