{"train_loss": 0.236910879611969, "train_acc": 0.609375, "loss": 0.22943500095400318, "acc": 0.5107084019769358, "epoch": 6, "lr": 0.029663167846213603, "_timestamp": 1695011196.9583693, "_runtime": 109.22682118415833, "_step": 14, "_wandb": {"runtime": 108}}