{"train_loss": 1.5105221271514893, "train_acc": 0.5, "loss": 1.738899017202443, "acc": 0.49917627677100496, "epoch": 4, "lr": 0.00013695261579316776, "_timestamp": 1694826526.4597812, "_runtime": 163.05688524246216, "_step": 9, "_wandb": {"runtime": 164}}