{"train_loss": 8.129878997802734, "train_acc": 0.5, "loss": 6.820815234348692, "acc": 0.500823723228995, "epoch": 29, "lr": 0.00014067366430758888, "_timestamp": 1696817453.5040715, "_runtime": 112.35800051689148, "_step": 65, "_wandb": {"runtime": 111}}