{"train_loss": 0.004932839423418045, "train_acc": 1.0, "loss": 0.4160785911412075, "acc": 0.7644151565074135, "epoch": 17, "lr": 5.932633569242895e-05, "_timestamp": 1696817654.386449, "_runtime": 75.77228021621704, "_step": 38, "_wandb": {"runtime": 74}}