{"train_loss": 147032.21875, "train_acc": 0.5, "loss": 316301.6390086207, "acc": 0.4953322350356947, "epoch": 12, "_timestamp": 1694783897.307946, "_runtime": 202.8760950565338, "_step": 27, "_wandb": {"runtime": 202}}