{"train_loss": 29.61018180847168, "train_acc": 0.484375, "loss": 30.50636725590147, "acc": 0.49807797913234486, "epoch": 13, "lr": [0.0004986304738420884], "_timestamp": 1694784867.6644144, "_runtime": 227.29949951171875, "_step": 30, "_wandb": {"runtime": 226}}