{"train_loss": 1.2223107814788818, "train_acc": 0.484375, "loss": 1.2252448468372739, "acc": 0.49697968149368477, "epoch": 4, "lr": [1.3695261579316776e-05], "_timestamp": 1694788444.289649, "_runtime": 228.11739993095398, "_step": 9, "_wandb": {"runtime": 298}}