{"train_loss": 0.8132616281509399, "train_acc": 0.5, "loss": 0.8137446436388739, "acc": 0.49917627677100496, "epoch": 1, "lr": 0.0010305368692688577, "_timestamp": 1694789381.3706293, "_runtime": 151.78994941711426, "_step": 4, "_wandb": {"runtime": 150}}