{"train_loss": 17.943389892578125, "train_acc": 0.546875, "loss": 14.34314306851091, "acc": 0.500823723228995, "epoch": 29, "lr": 0.07033683215379445, "_timestamp": 1695009297.3134232, "_runtime": 222.1059980392456, "_step": 65, "_wandb": {"runtime": 221}}