{"train_loss": 1.795782208442688, "train_acc": 0.546875, "loss": 1.8440122357730209, "acc": 0.500823723228995, "epoch": 7, "lr": [0.0010305368692690847], "_timestamp": 1694788802.5962958, "_runtime": 182.1483929157257, "_step": 16, "_wandb": {"runtime": 181}}