{"train_loss": 1.684499740600586, "train_acc": 0.5, "loss": 1.738792530421553, "acc": 0.49917627677100496, "epoch": 29, "lr": 0.035168416076897226, "_timestamp": 1694824103.5579236, "_runtime": 318.6532905101776, "_step": 65, "_wandb": {"runtime": 318}}