{"train_loss": 0.23997196555137634, "train_acc": 0.671875, "loss": 0.22444086753088852, "acc": 0.49917627677100496, "epoch": 1, "lr": 4.122147477075428e-05, "_timestamp": 1696816121.370832, "_runtime": 47.816964864730835, "_step": 4, "_wandb": {"runtime": 44}}