{"train_loss": 1.1875550746917725, "train_acc": 0.515625, "loss": 1.1761882839531734, "acc": 0.49917627677100496, "epoch": 0, "lr": 0.0049863047384206835, "_timestamp": 1694790428.1443734, "_runtime": 100.12484335899353, "_step": 0, "_wandb": {"runtime": 156}}