{"train_loss": 0.2376418113708496, "train_acc": 0.609375, "loss": 0.22378339233069583, "acc": 0.49917627677100496, "epoch": 2, "lr": 0.09972609476842181, "_timestamp": 1695010519.6076808, "_runtime": 83.05556273460388, "_step": 6, "_wandb": {"runtime": 81}}