{"train_loss": 0.24204134941101074, "train_acc": 0.5625, "loss": 0.22436484077881122, "acc": 0.4942339373970346, "epoch": 0, "lr": 0.2966316784620994, "_timestamp": 1695091246.0212333, "_runtime": 55.005553245544434, "_step": 2, "_wandb": {"runtime": 54}}