{"train_loss": 0.3831617832183838, "train_acc": 0.546875, "loss": 0.3804912577415335, "acc": 0.49917627677100496, "epoch": 2, "lr": 0.0703368321537913, "_timestamp": 1695010344.610494, "_runtime": 86.54621982574463, "_step": 5, "_wandb": {"runtime": 85}}