{"train_loss": 25.688064575195312, "train_acc": 0.453125, "loss": 23.924780944298053, "acc": 0.49917627677100496, "epoch": 28, "lr": [0.0013695261579316775], "_timestamp": 1694785638.701262, "_runtime": 316.60474610328674, "_step": 63, "_wandb": {"runtime": 316}}