{"train_loss": 25.221670150756836, "train_acc": 0.5625, "loss": 23.17056945274616, "acc": 0.49917627677100496, "epoch": 7, "lr": 0.010305368692690844, "_timestamp": 1694832043.2494662, "_runtime": 206.63898515701294, "_step": 16, "_wandb": {"runtime": 205}}