{"train_loss": 26.610965728759766, "train_acc": 0.453125, "loss": 23.194708330877894, "acc": 0.49917627677100496, "epoch": 29, "lr": 0.035168416076897226, "_timestamp": 1694831899.7477095, "_runtime": 425.76222944259644, "_step": 65, "_wandb": {"runtime": 426}}