{"train_loss": 25.597843170166016, "train_acc": 0.578125, "loss": 23.481447548701844, "acc": 0.4986271279516749, "epoch": 1, "lr": [1.3695261579316776e-05], "_timestamp": 1694786086.5428042, "_runtime": 161.458642244339, "_step": 3, "_wandb": {"runtime": 162}}