{"train_loss": 0.24485459923744202, "train_acc": 0.46875, "loss": 0.22380020906185283, "acc": 0.49917627677100496, "epoch": 0, "lr": 0.07938926261462524, "_timestamp": 1695011834.8085, "_runtime": 62.89676094055176, "_step": 1, "_wandb": {"runtime": 63}}