{"train_loss": 26.434125900268555, "train_acc": 0.546875, "loss": 23.767205600080818, "acc": 0.49697968149368477, "epoch": 5, "lr": [0.005], "_timestamp": 1694784534.158672, "_runtime": 180.60106301307678, "_step": 11, "_wandb": {"runtime": 179}}