{"train_loss": 1.1769717931747437, "train_acc": 0.578125, "loss": 1.1671162144891147, "acc": 0.5035694673256452, "epoch": 4, "lr": 0.00013695261579316776, "_timestamp": 1694830329.9600768, "_runtime": 148.6645827293396, "_step": 9, "_wandb": {"runtime": 147}}