{"train_loss": 17.093442916870117, "train_acc": 0.484375, "loss": 14.321891620241363, "acc": 0.500823723228995, "epoch": 1, "lr": 0.0002739052315863355, "_timestamp": 1695009751.9953008, "_runtime": 81.54783582687378, "_step": 3, "_wandb": {"runtime": 97}}