{"train_loss": 0.24205680191516876, "train_acc": 1.0, "loss": 0.4176743832127801, "acc": 0.7880285557386052, "epoch": 29, "lr": 8.329892400121848e-08, "_timestamp": 1696818518.539404, "_runtime": 107.08699703216553, "_step": 65, "_wandb": {"runtime": 105}}