{"train_loss": 0.6334531307220459, "train_acc": 0.640625, "loss": 0.26530325566900187, "acc": 0.6101043382756727, "epoch": 2, "lr": 0.03750000000000107, "_timestamp": 1696816818.2766576, "_runtime": 46.55471348762512, "_step": 6, "_wandb": {"runtime": 46}}