{"train_loss": 1.1290771961212158, "train_acc": 0.671875, "loss": 1.1647976842419854, "acc": 0.5760571114772103, "epoch": 5, "lr": 0.003516841607689862, "_timestamp": 1694793135.01372, "_runtime": 128.09993696212769, "_step": 11, "_wandb": {"runtime": 128}}