{"train_loss": 1.1736551523208618, "train_acc": 0.421875, "loss": 1.1407719973860115, "acc": 0.5046677649643053, "epoch": 3, "lr": 0.07938926261463011, "_timestamp": 1695009946.8249187, "_runtime": 102.02515769004822, "_step": 7, "_wandb": {"runtime": 103}}