{"train_loss": 0.24369598925113678, "train_acc": 0.5, "loss": 0.22382584984960227, "acc": 0.49917627677100496, "epoch": 29, "lr": 0.00014067366430758888, "_timestamp": 1696817256.1603107, "_runtime": 112.47698664665222, "_step": 65, "_wandb": {"runtime": 111}}