{"train_loss": 1.7443208694458008, "train_acc": 0.515625, "loss": 1.8407608887244915, "acc": 0.500823723228995, "epoch": 4, "lr": 1.3695261579316776e-05, "_timestamp": 1694789123.9904609, "_runtime": 157.2230179309845, "_step": 9, "_wandb": {"runtime": 155}}