{"train_loss": 16.093666076660156, "train_acc": 0.453125, "loss": 362.82875846994335, "acc": 0.5024711696869851, "epoch": 29, "lr": 0.07033683215379445, "_timestamp": 1695005988.6153119, "_runtime": 588.4512457847595, "_step": 65, "_wandb": {"runtime": 589}}