{"train_loss": 0.2361249029636383, "train_acc": 0.484375, "loss": 0.2237410694360733, "acc": 0.49313563975837454, "epoch": 1, "lr": 0.002739052315863355, "_timestamp": 1695090987.5896657, "_runtime": 65.8494086265564, "_step": 3, "_wandb": {"runtime": 65}}